000000000000000000c9502c07eae46492fa63ffd13b917dc17387d07f331b31;461330;536870912;998172;000000000000000000bd504211af44b677aabd7a464c677c06218067257cabed;2cfb2edb21ebeb1c1289443b651beef7a282f2be785517b2c5df47b69fee2c1d;1491864652;402797402;2648353916
000000000000000001084189492e8a3ef3d49b57429183f01243e8d63ecd27b1;461331;536870914;998263;000000000000000000c9502c07eae46492fa63ffd13b917dc17387d07f331b31;2a359edb4121f02932c336a47e554718f9d7fdca270cf3389c3dfe699afe6c24;1491865085;402797402;2147939330
000000000000000001699313d41001426e6c5d979f460871ca09b9ac2f0421c7;461332;536870912;999149;000000000000000001084189492e8a3ef3d49b57429183f01243e8d63ecd27b1;7e31786f8f2db94e8aa58d514857c4eeb0c54f9345013e08e1cb09217837ee8b;1491865452;402797402;1929264428
0000000000000000003824bc2fa0db46957cdd07589ccb13682139d8bacabd23;461333;536870914;998110;000000000000000001699313d41001426e6c5d979f460871ca09b9ac2f0421c7;e6d7129da117c3c72c87362a4cb919511a884a30534ef927a2fa653a7a01b406;1491866199;402797402;2498659363
0000000000000000014c05439583f99f917ecc4b802e9286d151d4341a23c864;461334;536870912;998088;0000000000000000003824bc2fa0db46957cdd07589ccb13682139d8bacabd23;e22860ca4c0103be40c3a153d79e5facfa83d59f3dbf5933b91f23107d606c58;1491868585;402797402;1375303204
0000000000000000006e5c9589e49d1eb8f50a30d77f87fcea98f64654561127;461335;536870912;998144;0000000000000000014c05439583f99f917ecc4b802e9286d151d4341a23c864;284993d582a101b426499af073dd467fd4a72d8efe3086b46e6f8cda57f3ddd3;1491868662;402797402;3382225198
000000000000000000fbe72b1bbe7b20ac4cb9358122ce0cc0adc85d30fd48b5;461336;536870912;998051;0000000000000000006e5c9589e49d1eb8f50a30d77f87fcea98f64654561127;bf68f554db849905f413828ec92ac8642fd7bb94e527d62e3a30e35a9f7e408b;1491868789;402797402;1156338836
00000000000000000016bfe4118e01d20487769cbced8ec1c656793314a8c514;461337;536870916;999956;000000000000000000fbe72b1bbe7b20ac4cb9358122ce0cc0adc85d30fd48b5;e75c8696b1b44e635773cadb91a7f7b941a6ac0c0dc2ce7318baedfc754611f8;1491871444;402797402;1178946632
0000000000000000022282d439b666d0d7904c8dcd74f2620da37f71f46d0f54;461338;536870912;999095;00000000000000000016bfe4118e01d20487769cbced8ec1c656793314a8c514;432c595e55a90b343e18b184c4be9c2dcfbca606ed0a723b84a2007c201c406a;1491871771;402797402;2819690403
0000000000000000013505c02ecd998a88b5480f9f8026d891f9cac5bf2a938a;461339;536870916;999913;0000000000000000022282d439b666d0d7904c8dcd74f2620da37f71f46d0f54;e7b6607ad32e0a5cc89258afbf93cd8bfecb6ccf86467b2405164b606d28ca16;1491872285;402797402;1583280016
00000000000000000082c025660a0845bec9d64a4162708c44a81bdc0e8ef3fc;461340;536870912;998933;0000000000000000013505c02ecd998a88b5480f9f8026d891f9cac5bf2a938a;09c674aba8f2b4d531570b4bfc7f3c8583bb86f4f5562316d094a8d43fa4ade2;1491872578;402797402;1741054503
00000000000000000172071d3bb2dddeba52482b949543dbc589a5c6f10b2cc1;461341;536870912;998075;00000000000000000082c025660a0845bec9d64a4162708c44a81bdc0e8ef3fc;401c581e7090628895d5fa2265431bbf1725c9a26689104153ed87b093ef889e;1491874265;402797402;2808299774
00000000000000000220f274e706b3a58710f1daf440116f8a3e56f4deb96215;461342;536870912;998026;00000000000000000172071d3bb2dddeba52482b949543dbc589a5c6f10b2cc1;6a6f5c36d50dcb8fb323838a0cbf47dbebbcfdc73f8a9617828db7077e32b0ed;1491874636;402797402;493726323
0000000000000000002124304f96debeff928b395feb80c9d726c6be31c8d46d;461343;536870912;988105;00000000000000000220f274e706b3a58710f1daf440116f8a3e56f4deb96215;f5e8f5388e5fa74c8c2f28f78189c0adde1a23fee809c6dcf7fcd421f9943771;1491874737;402797402;4028352043
00000000000000000081dd0f826d8311efff5b65369899d2660f68f073c47503;461344;536870916;999890;0000000000000000002124304f96debeff928b395feb80c9d726c6be31c8d46d;9b484b34e2087061465a9e5f853977cfd2eb2e710abb29263b4df205935e48f7;1491875048;402797402;877303983
000000000000000000fb8c307b03bbf58a3b916ea70ab7603fc9c374808532bb;461345;536870912;998121;00000000000000000081dd0f826d8311efff5b65369899d2660f68f073c47503;3401ade9110dea551e189cbf5fb27382a912ad8ca75359e39d7516d10f1b4f28;1491875277;402797402;1031845404
0000000000000000012e33646db9d5ce4d6c94e3ff7f0da2bcdc626f914b866c;461346;536870914;998177;000000000000000000fb8c307b03bbf58a3b916ea70ab7603fc9c374808532bb;34bdeadeeaac2e87b24099143d8debbf6b3bb47db8dcf1608712e1d0e956ea7d;1491875609;402797402;3133080045
0000000000000000005b670615d76b95c2b69341d19a68f53d7b9f146868cb74;461347;536870912;998131;0000000000000000012e33646db9d5ce4d6c94e3ff7f0da2bcdc626f914b866c;32b27f9ad6ff5b99b30a95315451b9575640d64e01b1ce9458b6ef7e1260efd5;1491876038;402797402;750859988
0000000000000000005e8209e2499d5fdbb9a4de471b5c982174d79df1b4f48d;461348;536870912;999135;0000000000000000005b670615d76b95c2b69341d19a68f53d7b9f146868cb74;6e3c501f55a70f76d1c4646fa74ba9721b4268cc014f0495cc771deb904166e0;1491876451;402797402;1184500851
0000000000000000005ef4210fe6d7e39ea42b191c4c9884485fa09bfa403b51;461349;536870914;998084;0000000000000000005e8209e2499d5fdbb9a4de471b5c982174d79df1b4f48d;edb3bd6cd7ebb4bc3f986965b8a069f2404d4b381d8351d41454a665ccee2df8;1491877224;402797402;1901422904
000000000000000001b89dd6d0ddb3c0103ed82073c4487859317767f823ed2f;461350;536870916;999819;0000000000000000005ef4210fe6d7e39ea42b191c4c9884485fa09bfa403b51;8203b92a6c1b1e2013854f85a3f5800e836a7d37e235210cd44ab50b41e48d6d;1491877905;402797402;2536672982
000000000000000000b731115e1ca9c3b4c6191346453264fab413736da0ebce;461351;536870912;998246;000000000000000001b89dd6d0ddb3c0103ed82073c4487859317767f823ed2f;7a5879572a0f391c163bab2f6e38607016628fb6d83aa0ed9b24b9fc7d44332b;1491878193;402797402;1738476849
000000000000000001718130e4e014067a22c831ec6223ad165301b4bce79216;461352;536870914;998243;000000000000000000b731115e1ca9c3b4c6191346453264fab413736da0ebce;5c410a4a737e2b704e8b13dd561c3b1007a2f40d29ae68fbb71c4aa64c46efec;1491879109;402797402;790007072
00000000000000000180af165e59679f73247ead898b100ad33103c69660ba6e;461353;536870912;999044;000000000000000001718130e4e014067a22c831ec6223ad165301b4bce79216;3b06e7ae09d540c14c26a251784b7b682e890016b6a12dff9aa580a4096f34bf;1491879284;402797402;1077944743
000000000000000000a8f27a5070a38115d79602c80eabbb2e6174a962795587;461354;536870912;999143;00000000000000000180af165e59679f73247ead898b100ad33103c69660ba6e;76bc281bfb7b517661892c09b0435b5cd79ef21fa45299342fc31c0d6e8b703d;1491879359;402797402;2894417797
00000000000000000209ab0b831aa62af0e973912916f48b89e8a3bb1572e505;461355;536870912;988008;000000000000000000a8f27a5070a38115d79602c80eabbb2e6174a962795587;21a54634e3b0981a5306efbfeb7290450a7e1441e3a184dd450c12dbd4d5692c;1491879916;402797402;3241168250
0000000000000000001635154cfe98235985abd11879b301aba9fe3bec2f0c9f;461356;536870914;998222;00000000000000000209ab0b831aa62af0e973912916f48b89e8a3bb1572e505;3e382481b4b4450fbf117554911b284ad277e6dbf33ae03690da96c987291512;1491879984;402797402;1030719941
0000000000000000008e4b2586df963d86ec9d1377a5ea22c05999655cf7f4ea;461357;536870912;999019;0000000000000000001635154cfe98235985abd11879b301aba9fe3bec2f0c9f;56d944e7032c74d614b7f1abecd894585d17043b785a0ad410e6b9127fd98d0a;1491880351;402797402;3457622343
0000000000000000015198b17b9f0781b7aad77c086ec65aea2c5c005aabf829;461358;536870912;998048;0000000000000000008e4b2586df963d86ec9d1377a5ea22c05999655cf7f4ea;913357bc7e854b728fb0bf9d6c706d50026e7cfb93c83f77a7e9cd21162c02d6;1491880854;402797402;2125454061
0000000000000000021c203a751ee8d09359f371482f6f03d7ddbc43edff806c;461359;536870914;998198;0000000000000000015198b17b9f0781b7aad77c086ec65aea2c5c005aabf829;04f078ca876cc001690060ae12202b2798dc47107cb8e6169bfd2742f77793f2;1491880959;402797402;2677647010
000000000000000000e068c24c246221c2fa704612576240e395bf0ec04331f4;461360;536870912;999184;0000000000000000021c203a751ee8d09359f371482f6f03d7ddbc43edff806c;1243465a530bab505a9038d9aa927bcfba5223498ea34a293ab7a80541201c16;1491880966;402797402;1462241327
0000000000000000000660f94ebe1771d7dabcaffd40501180808e8a7ebcf3f0;461361;536870912;998195;000000000000000000e068c24c246221c2fa704612576240e395bf0ec04331f4;d59898ac9041aa9a3fd22aba17a8017875f9a7f21e4e3830988a86e82b30611a;1491880993;402797402;1856815903
000000000000000000a5826968731f1ed470d2ced0c1663548d831dfe131dcc1;461362;536870912;998047;0000000000000000000660f94ebe1771d7dabcaffd40501180808e8a7ebcf3f0;c6eed05cabf41bc42614cb811962ba45d10dc09c1af791c34b9d1cc1c9f522b1;1491882196;402797402;663965670
000000000000000000a1f200b66a9071630fba1bb6cc22dcbe3ec0d983fc3d4e;461363;536870914;998255;000000000000000000a5826968731f1ed470d2ced0c1663548d831dfe131dcc1;266be345c93db8321b58d2c9fbafaa2c73ef5c4a9b7d3eb4c35a56eec397ece7;1491882451;402797402;1855168070
000000000000000002040503d8be10dbd7dfd3190987c3def10ae9acf556850b;461364;536870912;999262;000000000000000000a1f200b66a9071630fba1bb6cc22dcbe3ec0d983fc3d4e;ad3c1a63b5a29b125f0552f6757038d91452eec8c9217900262ddf961e8bcf6e;1491882668;402797402;608677181
0000000000000000007a74851f32b262ce9c28bb9c35c793f6408ffbd4f6e0dd;461365;536870912;998182;000000000000000002040503d8be10dbd7dfd3190987c3def10ae9acf556850b;7fef059459204a8e15c1f9f55b72a75b0e4abc03135814a713a8f6b6a86da4a1;1491883898;402797402;2250252858
0000000000000000011ec4c8c59732b79ecf29abd3d5fb2b620e9252d14dd238;461366;536870912;998188;0000000000000000007a74851f32b262ce9c28bb9c35c793f6408ffbd4f6e0dd;e480419321500781823ec91ceceed348f4177793e3887cd4e099b83ea3b3fdd1;1491884154;402797402;3694367813
00000000000000000199836dc8ba8e0e317ac9bd3a03c3e50aa32f269db189fc;461367;536870912;998183;0000000000000000011ec4c8c59732b79ecf29abd3d5fb2b620e9252d14dd238;abaa7457b362c86761edae2f5d6863ee7a10be8f49c6dd719f47346b4cc65c18;1491884395;402797402;2351322589
000000000000000001ac1c46a9619d3ae9b7053ebfe63852271bdb51f1669dba;461368;536870912;998082;00000000000000000199836dc8ba8e0e317ac9bd3a03c3e50aa32f269db189fc;8868b6c81cc4c4ed60d904f592ac871e4bc4139f11ff96595d5f05a5abff1151;1491885404;402797402;515354854
000000000000000000b4c11f7c5c25b0cebdb7e45e7ff297d9588f787fdc5137;461369;536870912;998144;000000000000000001ac1c46a9619d3ae9b7053ebfe63852271bdb51f1669dba;7298b98148aa40c7aa47d16b1c3f1e68f984d0a371bf8160d39cbf50a8875026;1491885480;402797402;3844552740
0000000000000000022bf2675d310b5a89525b23a784dca8e7c5f6637519cf7f;461370;536870912;998225;000000000000000000b4c11f7c5c25b0cebdb7e45e7ff297d9588f787fdc5137;c36308a7433a21c0f327e71c559cd595e56132058eefaa8732e9b6bb69fd548f;1491886104;402797402;2968214549
000000000000000001259ab2b626e5dc16c4d5287b0d5c2629de0051857240de;461371;536870912;999093;0000000000000000022bf2675d310b5a89525b23a784dca8e7c5f6637519cf7f;270a355aa48e6175707da35da76aa5b4ece1ca78f894d313d15c61c6b4ac46b0;1491886536;402797402;673806239
000000000000000001ac72347f93f8291f450da7be6e3e73920c74760153c2d6;461372;536870912;998172;000000000000000001259ab2b626e5dc16c4d5287b0d5c2629de0051857240de;e5b5c1c269ba23078ae6836f086e386d1333792280e0e43c1961ed9d0f4ebd23;1491886916;402797402;42103676
000000000000000001aad8bac56d8433baee4de77bb767bec3e317bdfa522786;461373;536870912;998202;000000000000000001ac72347f93f8291f450da7be6e3e73920c74760153c2d6;b30853f5420c6f9983db2200f5eb2a9ea38f9dabe93acdb632febe35a36586f3;1491887028;402797402;4237756639
0000000000000000001cfdd79bb02ebc9914308db1ba7427131bbaebea9b5d3f;461374;536870916;999958;000000000000000001aad8bac56d8433baee4de77bb767bec3e317bdfa522786;ec5573ad7f6a23ff2f85e20af61e62922947da77260691a211fedd4d01464470;1491887073;402797402;3093857222
0000000000000000020694196993a6ace09af113830683a8dc20a6673a07844b;461375;536870912;998082;0000000000000000001cfdd79bb02ebc9914308db1ba7427131bbaebea9b5d3f;3e7e367261a24afce3a7d41f27d0c113e15de20d9415f24ab50ac71468da6973;1491887336;402797402;1168491591
0000000000000000009a71d9d77546d5291eabf48b426a8115d93611a9250eca;461376;536870912;999133;0000000000000000020694196993a6ace09af113830683a8dc20a6673a07844b;0af4dccd9b5e1e2819873b174c0ca8fb54727c746c33851dd5ade6e6b8414882;1491887497;402797402;781544920
0000000000000000012081d97d69fba2346847fd24da60b48507e152462db4a0;461377;536870912;998109;0000000000000000009a71d9d77546d5291eabf48b426a8115d93611a9250eca;50adcf3244eaee1a54b3ff47ca0513c5980c94cb30fd0d9e35249fd6b7ee43dd;1491887812;402797402;3206551506
0000000000000000006b193ce791b8f18b20b395944ee24c966996e3e91573ed;461378;536870914;998208;0000000000000000012081d97d69fba2346847fd24da60b48507e152462db4a0;d1f1dc47450ce1868ec25d57a2878e3ce84c9882eb8669e53e151766a005b6c9;1491888236;402797402;862936704
00000000000000000126d5f0b74c1588b39e321872042ec88b2b9d16ab24006b;461379;536870914;518280;0000000000000000006b193ce791b8f18b20b395944ee24c966996e3e91573ed;225ae71e4b4419b7e9194c34c066178fab4e62ac772f8a47b4f6e37ad4783d9a;1491888258;402797402;2917579649
0000000000000000018272d3450f370315e245c68e7a648e81b3fd38718208b5;461380;536870912;998191;00000000000000000126d5f0b74c1588b39e321872042ec88b2b9d16ab24006b;392ba0785498cbc3476667580c8d4c4c27806f77ab401d3084112906684b8312;1491888339;402797402;4031821421
0000000000000000009eaba0e210316d4d2dc1f6bba4baca953673152b97f6b3;461381;536870912;998011;0000000000000000018272d3450f370315e245c68e7a648e81b3fd38718208b5;a835524c701292dc5d618aefe0883522640bf92f29a4a9dafc471d3dde4d8587;1491888533;402797402;2366031768
00000000000000000216ffc7612f25bd6cd564ac1484cc8f49700a9ce27742e3;461382;536870912;998269;0000000000000000009eaba0e210316d4d2dc1f6bba4baca953673152b97f6b3;129f8b9563f20deb53a0f2042ead49b63fd25517823234d00a3fcf2bd3e43b4f;1491888765;402797402;1427864404
000000000000000000d98ba054603deb5181a69c64c1c875248185c67e685748;461383;536870912;482494;00000000000000000216ffc7612f25bd6cd564ac1484cc8f49700a9ce27742e3;26a577dfcfa076637e97de9f06c91910b2209b816861903ce503342fde1ae30e;1491888837;402797402;1595919633
00000000000000000182904b2ca74166835afc6d82f730a365135af2067c696e;461384;536870912;317225;000000000000000000d98ba054603deb5181a69c64c1c875248185c67e685748;b852f20179cd29365a42685aaaa8a4de4f73d27fb204349633d4e62ac3553749;1491888975;402797402;766138717
000000000000000001d4cc573ca8325d1a384895dd97f71027fff69a5c262cc7;461385;536870912;983324;00000000000000000182904b2ca74166835afc6d82f730a365135af2067c696e;75a4e557f5f2a8bc3f9025778655d8946932df9eb4fb4d9ae6c357cb530da6c0;1491889582;402797402;3083967749
000000000000000000ea29678b1e99321f1f455d9146136d9e003de9cad294a0;461386;536870916;153178;000000000000000001d4cc573ca8325d1a384895dd97f71027fff69a5c262cc7;34ac681af87eebdf0570779b1dfb847b3ae8c57cbc9874df4aaa34fcca2f403c;1491889689;402797402;3862951480
000000000000000001c80132d991df8161c3362c8f40cd4d5ebf8374721ee029;461387;536870912;998153;000000000000000000ea29678b1e99321f1f455d9146136d9e003de9cad294a0;7983006f10c82c54495c229ed356ec3d895a927297cd9543dc494e865584b64c;1491891732;402797402;3987792002
00000000000000000205f0fb2089a37826cd74483d51e6cef4d3d221a7076b0a;461388;536870912;998100;000000000000000001c80132d991df8161c3362c8f40cd4d5ebf8374721ee029;1779f8bd16c0c225b536f5cbc5db89c5b3e4bdb5753c82baa5703a303d41216a;1491892691;402797402;2978331972
00000000000000000167b3e6c133b9da3014889dc54456f646e3bd68659caa4b;461389;536870916;999962;00000000000000000205f0fb2089a37826cd74483d51e6cef4d3d221a7076b0a;f8cd123d61a754163950c199980a8afda7486e08bb4a784dadc90cb6bf4670c4;1491893351;402797402;2244936792
0000000000000000005f82c5661d54db9284dab56b2a21926004c748e4d09700;461390;536870912;999126;00000000000000000167b3e6c133b9da3014889dc54456f646e3bd68659caa4b;3bff7633b4350cd9a0a8b616f66bdfc41cb3028c1ae6c1401b379651e4366677;1491893484;402797402;3805415463
0000000000000000005ef1a71b263f8f1bce83b2daf72f02a50d79be97375e40;461391;536870914;998145;0000000000000000005f82c5661d54db9284dab56b2a21926004c748e4d09700;840d417dd100cb322f733a3b52a05bf674d29c79e0520666e95ac3f14c69b8aa;1491894261;402797402;391900504
000000000000000000af73af167e6b51dd8b7643aafc6e444f53d89ff4ac5035;461392;536870912;998214;0000000000000000005ef1a71b263f8f1bce83b2daf72f02a50d79be97375e40;82dc5ed0e043aa7e3b522fa8c623bfaada438360d930ea38474dd46916687db2;1491894276;402797402;437298814
0000000000000000003b6894880d0b42e1bea06649b55e03d8c69a1bda0327c0;461393;4;998193;000000000000000000af73af167e6b51dd8b7643aafc6e444f53d89ff4ac5035;00430ff4091652edef5a462de76a33dd01cc9f7a43f600545edb4971599c5b6a;1491894407;402797402;1343980776
000000000000000000c6d9f73c6c55425aa88532a379b162a8cc2df52b1cafaa;461394;536870912;998040;0000000000000000003b6894880d0b42e1bea06649b55e03d8c69a1bda0327c0;11db968a5c3ce6e9bf7611bf10a5dd08b27a2b278f20a8b13ee2abd770d37f9b;1491895644;402797402;1160059517
00000000000000000140b79843cb23251b443a0eb572fdc038001913d3980147;461395;536870914;998258;000000000000000000c6d9f73c6c55425aa88532a379b162a8cc2df52b1cafaa;d5c31243fb1a24a6b2753b1931f3e663f7d8d24761794aa2009e644ba0140b54;1491895973;402797402;1991861308
0000000000000000017260e3fcf061d502308476e355c4f91bcb26b43dcb01f0;461396;536870912;998266;00000000000000000140b79843cb23251b443a0eb572fdc038001913d3980147;6cf575f945a1c0e17bc6e3e28d5ee3b1b7124aab9464d0a93d6ca6d4f04f46a5;1491896573;402797402;1282366152
0000000000000000003caef3cc9dfe9c4d72c49ad2987d3e7399f8708f94a059;461397;536870914;997748;0000000000000000017260e3fcf061d502308476e355c4f91bcb26b43dcb01f0;666b1e2eee36937b84543893ceabbbecdb41ac1b35c25340174caab5294f7991;1491896618;402797402;4165192586
0000000000000000021f10e2d50c352fb4e65b3f8b928c11c2754e438c8e5282;461398;536870914;689167;0000000000000000003caef3cc9dfe9c4d72c49ad2987d3e7399f8708f94a059;4b76f9b10d186c0af78eee6ad138c84901ac853a7c06a35c96c751fc0801bf6a;1491896850;402797402;3273666396
0000000000000000008193b96553c24af9f52b609498c0d5644ad633029f70ac;461399;536870912;931589;0000000000000000021f10e2d50c352fb4e65b3f8b928c11c2754e438c8e5282;f76c349411b8f65e64786453700550654b654ea621b0db4d2d7dcdaf9f0b7f06;1491897349;402797402;3105445310
00000000000000000218542726945e9680db2967bccff0b686dd8a97290437c1;461400;4;998280;0000000000000000008193b96553c24af9f52b609498c0d5644ad633029f70ac;f41871c2150a1772f0ccbebdd2304078aab524578c146efb6f1aebd8048f3e79;1491898296;402797402;3829831610
00000000000000000231e5f2c9a0e8b9e13667d3142be73e052805bf27058fc6;461401;536870914;998214;00000000000000000218542726945e9680db2967bccff0b686dd8a97290437c1;052886eb8134962d0ba91a8b6418a61815bcccfc2cb56424874d5fb048a2da8c;1491898747;402797402;2806954906
000000000000000001b27d5b57575daba73fecb735d307b8fd5da3f33181d570;461402;536870912;998243;00000000000000000231e5f2c9a0e8b9e13667d3142be73e052805bf27058fc6;02f6275c8fd8916c9804fc8d396ec3b6323c81c2ef0c8c34a78115a9acfbb116;1491899036;402797402;3781323145
00000000000000000101f26abffff1d9f36fc07a07a163206fc37490ae51c81e;461403;4;998267;000000000000000001b27d5b57575daba73fecb735d307b8fd5da3f33181d570;4cf84f05ee4ce8ca87542799d38bb4bdd3d5d9824e556568d87508532c173815;1491899326;402797402;2264273415
000000000000000000929a695715428b200ce0841a1f752fda1e2de052178117;461404;536870912;998251;00000000000000000101f26abffff1d9f36fc07a07a163206fc37490ae51c81e;0fb94daf92bce986eb6e3e781e24ff29b5fd2b0053ade011053a40fd47192556;1491900210;402797402;212293263
000000000000000001364becc7465d76d0827ff706ba76bee19a15cf5a6fe39b;461405;536870912;998112;000000000000000000929a695715428b200ce0841a1f752fda1e2de052178117;1bdc8c001a16c1a9f682bb4281b9a31a0e3145ccc86d2e868e6a334b8dd95499;1491900873;402797402;743238759
00000000000000000045f82ffadb691367577e37cf9a0e00a52833a2116254db;461406;536870914;998182;000000000000000001364becc7465d76d0827ff706ba76bee19a15cf5a6fe39b;6f183cd667a5c0e9094910782a782c741382f436f4cd96401ad6b7f0a4fee693;1491901469;402797402;3600845787
000000000000000001f51a8ad27b66767add9cd5a65faa7a0ea09c9b2f4165f4;461407;536870912;260;00000000000000000045f82ffadb691367577e37cf9a0e00a52833a2116254db;29624ac6a6fe93c283f56415b633e216d5eecf03972ea6e32f81ea63380db232;1491901468;402797402;2548428470
000000000000000000d38502e4abd77d2decb29d86050b074df4be7d8e302d9a;461408;536870912;998234;000000000000000001f51a8ad27b66767add9cd5a65faa7a0ea09c9b2f4165f4;9abe9a8651f28416b8d05dc0ff9f15d03b1e4913311b416a87c78f8f5415021e;1491903559;402797402;2295678846
000000000000000000ef23f9b9d78e3ea2a106e076e2eb45e4e91cf0f125bcb0;461409;536870912;987987;000000000000000000d38502e4abd77d2decb29d86050b074df4be7d8e302d9a;1e8846f9ac6717b05b1938aa14550c8e9e9e033baeec42ea81b1594c57d8a5b8;1491903796;402797402;1139493709
000000000000000000a0c620583bf271b4a52689d1a7011f207d947b055ac72f;461410;536870912;998239;000000000000000000ef23f9b9d78e3ea2a106e076e2eb45e4e91cf0f125bcb0;3971d22f54734a1775f3641254de331a2bd1758b99ce78c49bf900030d8f1496;1491904173;402797402;362776046
0000000000000000005110d01a18de1ec42439be086097ffd30d5d78403148cc;461411;536870916;999937;000000000000000000a0c620583bf271b4a52689d1a7011f207d947b055ac72f;8253607a3164871617e1cc002ae9179b4eeccf16f4bcb3dff2c2fdeeca6c8b68;1491904710;402797402;2198183886
00000000000000000164591de3cc00683fe2482a4b9fe6ab3da0b93d71d43e2c;461412;536870912;999076;0000000000000000005110d01a18de1ec42439be086097ffd30d5d78403148cc;4796e966ba2354a3a77351b444b59e6992c72f67c3d328eb968633d76fa02898;1491906247;402797402;3256392843
000000000000000001d40c1854fa850bf0f45b0f381faf0328af358bf6e47c33;461413;536870914;998235;00000000000000000164591de3cc00683fe2482a4b9fe6ab3da0b93d71d43e2c;c6eb6598bf9038498ea79354d4a5899a6747d0a4bbc4a6f6e232623e84cbcb04;1491906314;402797402;4050082052
000000000000000001d4f6fb1191c1b6484f3424a1d3d03cfa96a5e2f98b4211;461414;536870912;998970;000000000000000001d40c1854fa850bf0f45b0f381faf0328af358bf6e47c33;d5ff43d5740b0a6c4b5f323ef849c17a8cd731560d2dd96791b0b741b081cde9;1491906469;402797402;2594595426
000000000000000002006c12a912f9061b7f0c0f9f0a5453dd4cec590b3f59dd;461415;536870912;998087;000000000000000001d4f6fb1191c1b6484f3424a1d3d03cfa96a5e2f98b4211;ac92c9452f4615a4f2c659f21f36b86bb50c581ce441509527dee8fb2821477f;1491906899;402797402;1990632063
0000000000000000012a1d7b39f7c7cbee0d42abf1378bb6df97a4ad5456cb7f;461416;536870912;998088;000000000000000002006c12a912f9061b7f0c0f9f0a5453dd4cec590b3f59dd;6d5bd4a3703f9e7a651221532b57c928581965869724fc3d299052aa30131c6c;1491908522;402797402;3610842315
0000000000000000018fd8542f2e52b0f069c09f62d9ba174f23a15525d840ac;461417;536870914;998094;0000000000000000012a1d7b39f7c7cbee0d42abf1378bb6df97a4ad5456cb7f;c64448e08c2df995bb1f90e093614f017396bd8470a3b9071db1bf9cfd71541f;1491909469;402797402;1367798932
000000000000000000534160e023865938b3c0bb319fc86a2ec1be5a55528fcb;461418;536870912;999123;0000000000000000018fd8542f2e52b0f069c09f62d9ba174f23a15525d840ac;3cad94566461a41affd0ac86557d504f8c755bd4477431f28736e2ac0c583dce;1491909701;402797402;2342601692
000000000000000002207361a5842b54010d5006649bfe3dc268e5cf476b4660;461419;536870912;998142;000000000000000000534160e023865938b3c0bb319fc86a2ec1be5a55528fcb;ac4ebf44b503c0c26a39a0ffa10e41c29c211955568ff381c5ae2e2a883e8e8e;1491910917;402797402;343317745
000000000000000002035b17a3101de3114b3e9200946bc6ddc2c10b96381a7e;461420;536870914;998088;000000000000000002207361a5842b54010d5006649bfe3dc268e5cf476b4660;48c5c2d7a7fa6dc1b18e1428008d58e80fe11f2208176f13c28e0321d0cb0b0d;1491910996;402797402;3225721408
000000000000000000998f4c803424e825887ff5eb14e110f0b03c30f2654168;461421;536870912;999090;000000000000000002035b17a3101de3114b3e9200946bc6ddc2c10b96381a7e;2f7fd1f7815e3c85861cc18b8d461adaa66672552104a48056ad46c6929f8cee;1491912632;402797402;3364272405
0000000000000000011280348119f96ed2769991b49caee323b7f635bfa325d6;461422;536870914;998157;000000000000000000998f4c803424e825887ff5eb14e110f0b03c30f2654168;522d973197235f1e03f89967cd876b4af5b29b5d46f29c8c15c75a5b0719b3b1;1491912770;402797402;3354015097
0000000000000000005bd11caa3f91a95a4f84ad21e7ef7222a7e2219b012a4d;461423;536870914;998141;0000000000000000011280348119f96ed2769991b49caee323b7f635bfa325d6;c4485a38bf2960fe5dc566d9ad7d66742bce6ca4be17e71fe8026fde3b7dab3e;1491912865;402797402;1872894607
00000000000000000221fbb5c5e3b1f312bdaf211795c9c2a3ec81e1eaa547cb;461424;4;998263;0000000000000000005bd11caa3f91a95a4f84ad21e7ef7222a7e2219b012a4d;b97ab62c0c1d68090cac8697b48486579dc14b748bff4f6949b775d1eb19f92b;1491914533;402797402;2293600546
000000000000000001554f816d650100594f76b14e1b2ebbaefc4b763dbee7dc;461425;536870912;998969;00000000000000000221fbb5c5e3b1f312bdaf211795c9c2a3ec81e1eaa547cb;5c7544e325a4b71f855d2e6046db6d7292cca7fdd9cf6b0ee5976403cb6d1e15;1491915045;402797402;3085234174
000000000000000001b0b2af5c5feb7fbfc39994714c342e96458ac4ae8affce;461426;536870914;998136;000000000000000001554f816d650100594f76b14e1b2ebbaefc4b763dbee7dc;ddba0095b89c81172a26f8e7fb8a69453c5e3103e1ae60f397b254e7c34e238f;1491915216;402797402;3824772026
000000000000000001ce8150fb69f867e4193d3689db7f3fa62efac761d71fae;461427;536870914;998085;000000000000000001b0b2af5c5feb7fbfc39994714c342e96458ac4ae8affce;fe0444735c37886dc4a8df61702426e18cca2b8578919d2079f843e45f049784;1491915468;402797402;3980396411
00000000000000000031ef4a203ed4895b3b07878f95560be335557b9d7ad3a3;461428;536870912;998225;000000000000000001ce8150fb69f867e4193d3689db7f3fa62efac761d71fae;10f000da0bcf56950217b690fcacacfe29036e1e2a720288a4cf3b3f513e253c;1491915566;402797402;1393692639
000000000000000001f4248a69b340ed01b8e7669b1c7a4f85f12cd52a73630f;461429;536870912;998244;00000000000000000031ef4a203ed4895b3b07878f95560be335557b9d7ad3a3;fb439324e1bf67a3a1c39db3adbf1f00d553c2407d492077559c33346eb81fb0;1491916589;402797402;1186525196
0000000000000000006da1a74e6f4dc47b6a9c0b324bf7d71e9a2c5f0e21b06d;461430;536870912;988039;000000000000000001f4248a69b340ed01b8e7669b1c7a4f85f12cd52a73630f;aebedcbcae9c33d51cd20476931344dd3badc58f564344f887e60e06e98eef8a;1491917310;402797402;2248017554
00000000000000000107cf0e37194cda672630184519a1455ad3cc969b47f8a9;461431;536870912;998084;0000000000000000006da1a74e6f4dc47b6a9c0b324bf7d71e9a2c5f0e21b06d;bfad8e86938e31ece688a3e0533345b3a746f7cc3b8ca6599b24fb67df6dde45;1491917714;402797402;1201205293
000000000000000000d5eef2f69042ccc0503375107feaf83444f66e9b6ec380;461432;536870916;999864;00000000000000000107cf0e37194cda672630184519a1455ad3cc969b47f8a9;78ce0a791a259196acb5f788447e4573a0460a1a574bc9aae735b53440e2e293;1491917775;402797402;2271539335
000000000000000001f9446617d4bb8aa45320034285f48c182002fac51049b4;461433;536870912;998034;000000000000000000d5eef2f69042ccc0503375107feaf83444f66e9b6ec380;c2b39c5634327775fa1781bae8355c11f79c5828e994e0bcfdcc660cc0d1350d;1491918080;402797402;3273819365
000000000000000000d3657bce86e72a55b8953a8777f66c0832d6d70a624e43;461434;536870912;998192;000000000000000001f9446617d4bb8aa45320034285f48c182002fac51049b4;ee6a566d4e78ed12e512e2ac65726bdfe6be69008de101021d04726cd9862ea2;1491918537;402797402;1866161553
000000000000000001fb10d51e1ab70e3dce037ebf5ecc68abc037a72510ebf9;461435;536870914;998255;000000000000000000d3657bce86e72a55b8953a8777f66c0832d6d70a624e43;527d5e40a3ce0ecd5cf975ecc5720450f8b3a04779ef6a74fd13615be916ced3;1491920603;402797402;2609975150
000000000000000001177a8f143561a4ca1d991a4a696d5c33cb5c19046a45f1;461436;536870912;998101;000000000000000001fb10d51e1ab70e3dce037ebf5ecc68abc037a72510ebf9;0bb8adb1347efcaf31c577fa2db20ac6b32041a43dc06aa08305a55b50071473;1491920647;402797402;2878693779
0000000000000000003563e851f2f7e4666d9067134e4e07d8a5fa3e1a01ae13;461437;536870914;998247;000000000000000001177a8f143561a4ca1d991a4a696d5c33cb5c19046a45f1;95300013ff446849359ed8dbdbb1e17442f8e4865123d1080ba0a662e3c2b0a6;1491920679;402797402;2428397736
0000000000000000014f418877ba398067771b34e891dbf9bed1f83f7e2883f1;461438;536870912;998177;0000000000000000003563e851f2f7e4666d9067134e4e07d8a5fa3e1a01ae13;43ffa519c958fd72397bf0ea6055f66a74f653d0563596954727ad509828399e;1491921100;402797402;2990045098
00000000000000000109e7ff69898f35f5e9e8a79316f6d7fc64a624db37f723;461439;536870914;998141;0000000000000000014f418877ba398067771b34e891dbf9bed1f83f7e2883f1;c4669cac013c40fff63f80f5ecbb298169638e5acd9923bb2545d4a40c8cf2d0;1491921207;402797402;1382161270
000000000000000001b042da9f20a212b95737e0978c48c113f3f047ec0e7ab4;461440;4;998278;00000000000000000109e7ff69898f35f5e9e8a79316f6d7fc64a624db37f723;8a9e869a0b53e0f3b0aaf35b1aca018bf52df8ef6a7454bdae789e05aed02d32;1491922125;402797402;3076153886
0000000000000000004f50b0d7db0b9b7aea025b369b65e30adb8dc1710a76cb;461441;4;998257;000000000000000001b042da9f20a212b95737e0978c48c113f3f047ec0e7ab4;1c61b0055fd4b2ad0e6f04aab3d173e875a484a3ee1b8c814915f230bc52a99e;1491924640;402797402;2542028632
000000000000000000d583038a78b02ce357feb22949f97d728dadf3b293725c;461442;4;998254;0000000000000000004f50b0d7db0b9b7aea025b369b65e30adb8dc1710a76cb;71d323df1072ae3ecd0b0a9f55f26c34405d0e31a24633bad3bb174b85dd6a52;1491924823;402797402;3217953055
0000000000000000020bb6fa33fa98990d6d6605b51a46cb9606e62f260fa261;461443;536870914;998228;000000000000000000d583038a78b02ce357feb22949f97d728dadf3b293725c;e16fe286b47627c3804ea73a06b67daafdf021280c059a0b80530080a94aaa14;1491925055;402797402;1103629792
000000000000000000a36f3b050c05350f49e8e6ad76321aabbb1fa06d08150d;461444;536870912;999127;0000000000000000020bb6fa33fa98990d6d6605b51a46cb9606e62f260fa261;cd7730ffe23c83721e9c0cb1021bed9b80c6d4dc442a56c22f138b33c8628be3;1491925476;402797402;1350387701
00000000000000000184f06ab25e9401a558a9bc240e90a67749f1c128a25e0d;461445;536870912;998027;000000000000000000a36f3b050c05350f49e8e6ad76321aabbb1fa06d08150d;06edc0defbe2e33310884008c25301ebde6047b2a252897ee55ec39e0c770de7;1491926283;402797402;1576552235
000000000000000000105dab29c262850c957891af4df0f474ed866df86fc12e;461446;536870912;999140;00000000000000000184f06ab25e9401a558a9bc240e90a67749f1c128a25e0d;a1937e0d1e0238c75d1787b536a97462ec879c5cb863d75da1676ab3f3e3b411;1491926327;402797402;2423607716
000000000000000001eae297ca08b16b1a882eb64ad19dc1da66a9e6e0b16cbc;461447;536870912;998213;000000000000000000105dab29c262850c957891af4df0f474ed866df86fc12e;419341e1e1485fa3ea2dae48d368656458b880991d972ac5fd6c99a2882e80fb;1491926849;402797402;768299027
0000000000000000012ac875209a82187098184730e05770e05bfb4918c70b58;461448;536870912;999222;000000000000000001eae297ca08b16b1a882eb64ad19dc1da66a9e6e0b16cbc;b4369786b57ca55295732f527afe701775926f579e6e3886de5d81299965e2d1;1491926918;402797402;1919157373
000000000000000001344b661d49263f0ed5e0934aa9ecd0a6401db839f0c053;461449;536870912;998255;0000000000000000012ac875209a82187098184730e05770e05bfb4918c70b58;bea7c621ca87dba44c214687fec2fd521bd8f89a5e51ef314ebab3486810cb6d;1491926983;402797402;3525098742
0000000000000000011c25a026b3ddb3ae34f405354b40bf024849f5913db6ed;461450;536870916;999903;000000000000000001344b661d49263f0ed5e0934aa9ecd0a6401db839f0c053;12e6831b5b8948fbc987e9960147c2cb2ddfe29876a1d3ead6ed945a21c8fb6e;1491927157;402797402;364731083
000000000000000001803971d0efde5944c544e5551b088fe5fc5ed5b419e819;461451;536870912;998141;0000000000000000011c25a026b3ddb3ae34f405354b40bf024849f5913db6ed;f0d851bba8e2a3a920b4b6e14972dc9ff90b2400ef4552f70652d218edc68151;1491927287;402797402;3626061396
000000000000000000069c88adf94c75371c6e66163ca65f698ff16f56cd2b07;461452;536870914;998218;000000000000000001803971d0efde5944c544e5551b088fe5fc5ed5b419e819;04ca9ea3d7df0ee9ec95ba9607a223f6f266b98580760118d35fdde76cab15c0;1491927617;402797402;2214187967
0000000000000000020b54a6a481817c4466ebd0f48ff12ae2b7afe6b7d54978;461453;4;998108;000000000000000000069c88adf94c75371c6e66163ca65f698ff16f56cd2b07;b9ad2b42468683b2688d918f392e6785825b1dbed8afd4f206a64ba4e5da0ad0;1491927877;402797402;3263736986
0000000000000000001779d81b6cc225997c030e6f389a5b566bb6c871be8b1e;461454;536870912;998231;0000000000000000020b54a6a481817c4466ebd0f48ff12ae2b7afe6b7d54978;19208d0cb7022d53933541921c078324dcb93d278f167fec2ab37c97b9c40e69;1491928382;402797402;2627294702
00000000000000000195f5b40a86b92f6d7b9b648598b843b17d8af1817cefab;461455;536870912;999063;0000000000000000001779d81b6cc225997c030e6f389a5b566bb6c871be8b1e;8278425d0f48a628ce0c35084a038ee57186b79c8001835225344d4720f65ce9;1491928517;402797402;3921694025
0000000000000000018cbd12b1cd250ffd83e294cae6d1faf44304461b923eb1;461456;536870912;998188;00000000000000000195f5b40a86b92f6d7b9b648598b843b17d8af1817cefab;8c6eda05b46364b33dc8b7b5ee9b480f220234b14ea3597423ccfe4d24b8792d;1491928902;402797402;165420694
000000000000000001c89066a45e195b3ce2b0c81741d79ce0077634c7242c30;461457;536870914;998181;0000000000000000018cbd12b1cd250ffd83e294cae6d1faf44304461b923eb1;7d407901fa309c6836d165daa8530b3f34323c99b747188ec3de74cfa4da9985;1491929101;402797402;1394660550
00000000000000000000c6f9eb3c858b35e73bb90bb308c58c70b78acf463901;461458;536870912;998151;000000000000000001c89066a45e195b3ce2b0c81741d79ce0077634c7242c30;cc33e9417b0d451aaf044ac336d9a4862a34a4fa4521e0721e36ccde6303d325;1491929555;402797402;3520001395
000000000000000000a186f4df45f936349dde3eacbe4b78e18ed41f453c3d50;461459;536870912;999103;00000000000000000000c6f9eb3c858b35e73bb90bb308c58c70b78acf463901;c05a74f4be045d9b23a896c08085e1d15cbfa0428913318cbe5989db57f69ff2;1491929904;402797402;3567542851
00000000000000000218d80baf2d1a50fa4463f3d0e63d1349bb1b673f0f21eb;461460;536870914;998124;000000000000000000a186f4df45f936349dde3eacbe4b78e18ed41f453c3d50;21d3c1a1f169ac9cd8aec1c40b8b065db5328a550d071ee13ac744fe0fbf05e0;1491930181;402797402;1565282358
000000000000000001f1c78993a0b718d9f2d3ba9bda3f1ded0f6364eb65a526;461461;536870912;998086;00000000000000000218d80baf2d1a50fa4463f3d0e63d1349bb1b673f0f21eb;a88bcb02b0d3e907b5cbdffcb2bad52c0a84268bfd94b4f23742dff4e1fe224d;1491931187;402797402;1697788002
000000000000000001cc90d40f1ef80c95aea58ddfcfa51374eea591f067a5e0;461462;536870914;998079;000000000000000001f1c78993a0b718d9f2d3ba9bda3f1ded0f6364eb65a526;8a37372bf91f044848c2bc62cea476e29cea636f92ed47e60be95a6ee45ad647;1491931679;402797402;220584393
000000000000000000029db7d1b172f97301fbb4bf1bb75284b547435d1515df;461463;536870916;999909;000000000000000001cc90d40f1ef80c95aea58ddfcfa51374eea591f067a5e0;53bf2b7131e46e570b50fcb5b0094f94ed64de1598675e7291d9fd23636d82fc;1491933243;402797402;361425118
0000000000000000009f758f0447b0b3c71cd75738d121251cd254ea2d67d4db;461464;536870912;998104;000000000000000000029db7d1b172f97301fbb4bf1bb75284b547435d1515df;b3f350ed10885a952c6b085b07166c3bee0de02b4e80fad53da519c3240efd65;1491933574;402797402;1854142992
000000000000000000e5391f1f75a46b899b2cc5139885690f33c37581ac3468;461465;536870912;238;0000000000000000009f758f0447b0b3c71cd75738d121251cd254ea2d67d4db;c79e4b14fa660572c91ea200e0bea1fa8b82aca3b90630788ada508354191365;1491933577;402797402;1508584235
0000000000000000017ae4b096e8c04705269760db371dfa10c7bc29108351d5;461466;536870912;999099;000000000000000000e5391f1f75a46b899b2cc5139885690f33c37581ac3468;4168731a9d33901932c9f9422e07f3c2da841e8cdd52bb7a81f8644208a997fa;1491933768;402797402;2524386221
000000000000000001b4904ab88cb6f13b1f8ccbb9f183db51894cc521fabf23;461467;536870914;998155;0000000000000000017ae4b096e8c04705269760db371dfa10c7bc29108351d5;a14bb30937d1e70b3f3c2c5fc3401acb080d0336066a9569b2574c8c2b6eefbf;1491934985;402797402;2017433858
0000000000000000007af4fa507a7a400a526405305a069d0f7758fac6cc5cce;461468;536870914;998251;000000000000000001b4904ab88cb6f13b1f8ccbb9f183db51894cc521fabf23;7fa96b8b67243dcdfbbf027fd199c869a2b1fe12e899fe9c25a132aa949e8e7b;1491935201;402797402;3851449038
000000000000000001797fa12dacafdf2ef57703cb770c41b65593bcf015d0bc;461469;536870914;998243;0000000000000000007af4fa507a7a400a526405305a069d0f7758fac6cc5cce;d471db63d72f0116237b6589a8f6ec3cb919ee88a41bd3200aa7a4543f3f4c1e;1491935256;402797402;2263041163
0000000000000000013cfe501e13bf376bf6ac149e191ea53e956688f780cff3;461470;536870914;997980;000000000000000001797fa12dacafdf2ef57703cb770c41b65593bcf015d0bc;8b11949c71889a43d299e252138e2a7fd1d60e1896fb0d82fada0f400c5c6305;1491935320;402797402;3239344493
0000000000000000008ddbd689ec4b29b1ef5e33026596828e346f1e6e0819f6;461471;536870912;998114;0000000000000000013cfe501e13bf376bf6ac149e191ea53e956688f780cff3;fefd109483866f99a26f1ed5407800a46591a4e28721aef632d51122139c411b;1491935411;402797402;736708423
0000000000000000014ed800603130ba5add1244c3798bd7c7d46090c2f64f3d;461472;536870912;998276;0000000000000000008ddbd689ec4b29b1ef5e33026596828e346f1e6e0819f6;2a13b55fd9c334c797ecaa2c80f0d304764d86604bd4ef16fbaf16bcce3a596a;1491936496;402797402;2725075044
000000000000000000eff18cabaf947e10a863b46cf45ccf5a71d1b2db27f7f3;461473;536870912;998992;0000000000000000014ed800603130ba5add1244c3798bd7c7d46090c2f64f3d;0e3153ea11cbe7a4bf441acb77bf1d334a51ac28bd186bd54db002fb197730ba;1491937995;402797402;174553478
0000000000000000000721ec6f21339325f9167459e01912a2836b42a94d4538;461474;536870912;998099;000000000000000000eff18cabaf947e10a863b46cf45ccf5a71d1b2db27f7f3;fed1d8f6342a3d965de904ee3f188e56df955303efa7fbb99bd69d080d05a0e3;1491939203;402797402;4139207134
00000000000000000112dadc07e555fbdca564f49feca1df954ba8ad86b2ece5;461475;536870912;998087;0000000000000000000721ec6f21339325f9167459e01912a2836b42a94d4538;b13dc6c8005d28505e43befa6ac904306c1cf2f716390d93cb7e708091bf4e13;1491939316;402797402;2510631636
00000000000000000174914f7c48fee5438801eb0ebbdf78205889c6893d2cf7;461476;536870916;999980;00000000000000000112dadc07e555fbdca564f49feca1df954ba8ad86b2ece5;c341e56b6927cc82b3a04c777b4be2ad5198adcb32af776400912108dd8df481;1491939952;402797402;81783167
000000000000000001f4cc0d0ae0f1efc7c41d59e2900aed572a2c00a8aecceb;461477;536870914;998262;00000000000000000174914f7c48fee5438801eb0ebbdf78205889c6893d2cf7;c04ca13ae72a0ab17abf7d47f4c9e641319b1fba45def0d3cc97a5eb95774410;1491940130;402797402;561339836
00000000000000000164b16864baed0ff60be27404a532b125020241872e8494;461478;536870912;998201;000000000000000001f4cc0d0ae0f1efc7c41d59e2900aed572a2c00a8aecceb;9861a2835cd56580d76d4db1335ffec85a594bf0fd5f085494fdaf7bd43db200;1491940471;402797402;2795450982
000000000000000000e730da106c6f23a8c4e918a6640d1d2fde37494539da51;461479;536870914;998170;00000000000000000164b16864baed0ff60be27404a532b125020241872e8494;27353b7b5ddd5952f063c474b13ee4457141477d6cd346634f1a68c3343a61e0;1491940898;402797402;2361446783
0000000000000000008337f5a8f875ceeb5a4bc076615a1790ffe3e355063e38;461480;536870912;999092;000000000000000000e730da106c6f23a8c4e918a6640d1d2fde37494539da51;09cea63bb9569302801c8ecb9f0d8e309d3e5b55c3e2bf0d74d5924a47d9c726;1491941150;402797402;4099500327
000000000000000001eea8ad37917dee9fc52a1a19e7952e8e1606a8d9e0c307;461481;536870914;998260;0000000000000000008337f5a8f875ceeb5a4bc076615a1790ffe3e355063e38;e106369a4b149b1f1869a98c1e8d3a4fdfe17d43bc5c365f4670f0a0eb5f4370;1491941522;402797402;3974593113
000000000000000000743a7165a124b2d55eb85bba525dcf63e7922ad883d28c;461482;536870912;259;000000000000000001eea8ad37917dee9fc52a1a19e7952e8e1606a8d9e0c307;c08698013ff190bae2117d7474266178d5ae53459c4dc53231f30071e5d5bedb;1491941526;402797402;2866784570
00000000000000000112e9e8798346972a7469847ab0e2b556078d95215a2958;461483;536870914;998263;000000000000000000743a7165a124b2d55eb85bba525dcf63e7922ad883d28c;fb5b04d2b3e6b5d4569ae245b227ffd87b81c2770f8131a1b4e2b231eb00fd14;1491941615;402797402;3663647766
00000000000000000076baa5733bc531b6e82bdc0c85f2f0604a2985dea73995;461484;536870912;999106;00000000000000000112e9e8798346972a7469847ab0e2b556078d95215a2958;436bac045415a0d849ad822d7c766349c857afeb495148bd463c277f9b4b76a8;1491941903;402797402;750293692
00000000000000000013427b694e84730a7383794acf1043f00470baa443d648;461485;536870912;998119;00000000000000000076baa5733bc531b6e82bdc0c85f2f0604a2985dea73995;dbc388f9f8e19e6a4cba498ef55c6b9687e6a495e15c0ae7d1b4bc224a5a7f96;1491944872;402797402;3477895728
0000000000000000007959a6776997c4e1c75d19e0b1fbe76843db0f1b9c3baa;461486;536870912;998153;00000000000000000013427b694e84730a7383794acf1043f00470baa443d648;e7ed48c16b0b6369a62896e6ab6b39014e2bc530d4fcbf785ac3617b176ca556;1491944944;402797402;2559741077
